{
  "version": "v2.0",
  "feature_names": [
    "woba",
    "iso",
    "slg",
    "obp",
    "babip",
    "k_rate",
    "bb_rate",
    "team_era",
    "team_fip",
    "bullpen_era",
    "starter_avg_ip",
    "bt_rating",
    "pythag_pct",
    "home_field"
  ],
  "weights": [
    -0.38836581617970367,
    -0.24282694161415747,
    0.6649612597075836,
    0.09463908658281907,
    -0.16232141274681317,
    0.03429298754723731,
    0.06933642399035415,
    0.0671053683594311,
    -0.20878753961736293,
    -0.026705007487449736,
    -0.042975364609240826,
    0.3241525871861688,
    0.34103253162244135,
    0.0
  ],
  "X_mean": [
    0.0034870081292703303,
    0.004607071966485476,
    0.00689488803550943,
    0.0024283925988728616,
    0.0011594633684105494,
    -0.0014215300982494696,
    0.0007692982893621265,
    -0.2414607750236876,
    -0.11972819310757443,
    -0.28347114857114347,
    0.002149518727245514,
    0.40454357628392335,
    0.027323044011973857,
    1.0
  ],
  "X_std": [
    0.03622470547292347,
    0.048248834145179546,
    0.06803442527569017,
    0.03109459071441242,
    0.026111793311240958,
    0.03284873295377316,
    0.020693931334486874,
    1.8256100140201392,
    0.8056975624260299,
    2.1367262722535285,
    0.6551384521525032,
    2.169856374753479,
    0.19653525100227534,
    1.0
  ],
  "train_accuracy": 0.6337,
  "train_brier": 0.2224,
  "train_games": 20051,
  "train_seasons": [
    2023,
    2024,
    2025
  ],
  "feature_importance": [
    [
      "bt_rating",
      0.3242,
      0.7034
    ],
    [
      "team_fip",
      -0.2088,
      0.1682
    ],
    [
      "team_era",
      0.0671,
      0.1225
    ],
    [
      "pythag_pct",
      0.341,
      0.067
    ],
    [
      "bullpen_era",
      -0.0267,
      0.0571
    ],
    [
      "slg",
      0.665,
      0.0452
    ],
    [
      "starter_avg_ip",
      -0.043,
      0.0282
    ],
    [
      "woba",
      -0.3884,
      0.0141
    ],
    [
      "iso",
      -0.2428,
      0.0117
    ],
    [
      "babip",
      -0.1623,
      0.0042
    ],
    [
      "obp",
      0.0946,
      0.0029
    ],
    [
      "bb_rate",
      0.0693,
      0.0014
    ],
    [
      "k_rate",
      0.0343,
      0.0011
    ]
  ]
}