{
  "n_games": 3846,
  "n_features": 29,
  "accuracy_train": 0.6921,
  "accuracy_note": "Training accuracy. Backtest with leakage ~73%. Honest forward estimate: 65-70%.",
  "brier": 0.1976,
  "converged": true,
  "weights": [
    0.17424435969000915,
    -0.11614444388427432,
    -0.04334002260656919,
    -0.07027959600617832,
    0.0003532197775221244,
    0.08156150364685748,
    -0.11385659414578743,
    0.029826687173126552,
    -0.11304407912355645,
    -0.12920451610731307,
    -0.041865282967497024,
    -0.05595117894102769,
    0.09997983186020014,
    0.01259442517661481,
    0.195621630187416,
    0.016245709757668602,
    0.019274351035416772,
    0.028370367869497565,
    0.9597153648406309,
    -0.151906737482701,
    0.16992591107062543,
    0.16976486317578693,
    0.03292150503435697,
    0.03289011685779538,
    -0.05235724070299051,
    -0.0005606551829760049,
    0.0,
    0.030893097549447312,
    0.07640049374956963
  ],
  "X_mean": [
    0.004267730783858912,
    2.798891999326591,
    0.011147110845918396,
    0.03641601664066546,
    0.013412896515860587,
    0.018290431617264676,
    -0.001996821794569753,
    -0.013749544818727167,
    0.15484317986795704,
    0.330439417576703,
    0.04758970358814352,
    0.5239209568382741,
    0.19996359854394224,
    0.02407878979264208,
    0.3996955025694102,
    0.19449086700846005,
    0.34479899559370253,
    0.5300912094120893,
    52.89502860114412,
    1.0366328653146109,
    0.05971164846593858,
    14.10894435777431,
    2.0275285231409237,
    0.05750390015600613,
    -0.034014560582423206,
    0.19161466458658327,
    1.0,
    0.23998959958398336,
    0.19006760270410816
  ],
  "X_std": [
    0.08975865924481712,
    96.18517869004313,
    0.062193114591354466,
    0.2353816897693456,
    0.08912935950064685,
    0.11926490111309045,
    0.07840334774317095,
    0.4085463855786804,
    0.9094330749187645,
    2.397889984960758,
    0.4507714992114837,
    2.4118510094373873,
    0.8110390854027387,
    0.22175215138409093,
    2.8008872702876615,
    1.3701227457382859,
    1.1226033694718598,
    2.025572080296897,
    170.19712502250073,
    3.1226931161017695,
    0.23710245991929077,
    82.61952427261576,
    7.068458908645043,
    0.25297575694942404,
    0.2374193982530148,
    0.9399180479169578,
    1.0,
    0.4270767983343389,
    0.3923543157739139
  ],
  "feature_importance": [
    [
      "ELO",
      0.9597,
      163.3408
    ],
    [
      "SOS",
      0.1698,
      14.0259
    ],
    [
      "wRC_plus",
      -0.1161,
      11.1714
    ],
    [
      "RA9",
      0.1956,
      0.5479
    ],
    [
      "Pwr",
      -0.1519,
      0.4744
    ],
    [
      "ERA",
      -0.1292,
      0.3098
    ],
    [
      "expected_wins",
      0.0329,
      0.2327
    ],
    [
      "KP9",
      -0.056,
      0.1349
    ],
    [
      "FIP",
      -0.113,
      0.1028
    ],
    [
      "K_BB",
      0.1,
      0.0811
    ],
    [
      "fWAR",
      0.0284,
      0.0575
    ],
    [
      "PYTHAG",
      0.1699,
      0.0403
    ],
    [
      "oWAR_z",
      0.0162,
      0.0223
    ],
    [
      "pWAR_z",
      0.0193,
      0.0216
    ],
    [
      "WHIP",
      -0.0419,
      0.0189
    ]
  ],
  "hfa_weight": 0.0764
}