{
  "n_games": 879,
  "n_features": 27,
  "accuracy": 0.6815,
  "brier": 0.2068,
  "converged": true,
  "weights": [
    -0.12692780097006445,
    -0.12692780097005318,
    -0.13113817892096902,
    0.11117314909480966,
    -0.1188421824128663,
    -0.015090624751565737,
    -0.045930238641678243,
    -0.2114801269306435,
    0.08868563292557388,
    -0.03713595927697096,
    0.06549109681444625,
    -0.01739248970455226,
    -0.17322547197038193,
    -0.17928020717666784,
    0.24573585576040768,
    0.3404375519805694,
    0.023179023330345154,
    0.28559124283452675,
    1.0302904886090054,
    -0.147849630853303,
    0.20301282063983547,
    -0.026381666571410837,
    -0.20814223867821693,
    -0.113118469304418,
    0.04333927037759104,
    0.12224553248973367,
    0.0
  ],
  "X_mean": [
    -0.0011401418228924234,
    -1.4546829266553454,
    -0.0017146123790603874,
    -0.0009908987485779358,
    -0.0009078498293515332,
    -0.0012263936291239965,
    -0.0004196902510647213,
    0.00013287667809818614,
    0.007059667995526227,
    0.022104664391353807,
    0.00029579067121729213,
    0.09476678043230946,
    0.009431171786120563,
    0.0021733549143717877,
    0.030368408448813874,
    -0.03689597248864133,
    0.019792629928890762,
    -0.017103342559750597,
    4.870807736063711,
    0.1129465301478956,
    -0.0027736063708759854,
    3.3083048919226394,
    0.09585085324232134,
    -0.0013765642775881689,
    0.0004664391353811142,
    0.0014220705346985499,
    1.0
  ],
  "X_std": [
    0.043525917045158485,
    55.533800375800475,
    0.056751703996246516,
    0.15691090030297677,
    0.03925589940427909,
    0.09893190650525385,
    0.02643857594089852,
    0.03280215157469249,
    0.6599047428255382,
    1.5087823320691875,
    0.2623242639322237,
    1.7940350942616852,
    0.7990306382414692,
    0.07462096738360542,
    1.6489402899962349,
    1.4178792522148944,
    0.8930904749530677,
    1.7626601627795566,
    136.55201266487725,
    1.8820342359194293,
    0.160173789105289,
    69.62605668484726,
    5.735995430627397,
    0.2492880291009619,
    0.16452126142447088,
    1.2318072788608787,
    1.0
  ],
  "feature_importance": [
    [
      "ELO",
      1.0303,
      140.6882
    ],
    [
      "wRC_plus",
      -0.1269,
      7.0488
    ],
    [
      "SOS",
      -0.0264,
      1.8369
    ],
    [
      "expected_wins",
      -0.2081,
      1.1939
    ],
    [
      "fWAR",
      0.2856,
      0.5034
    ],
    [
      "oWAR_z",
      0.3404,
      0.4827
    ],
    [
      "RA9",
      0.2457,
      0.4052
    ],
    [
      "Pwr",
      -0.1478,
      0.2783
    ],
    [
      "KSHOT_Ratio",
      0.1222,
      0.1506
    ],
    [
      "K_BB",
      -0.1732,
      0.1384
    ],
    [
      "FIP",
      0.0887,
      0.0585
    ],
    [
      "ERA",
      -0.0371,
      0.056
    ],
    [
      "PYTHAG",
      0.203,
      0.0325
    ],
    [
      "KP9",
      -0.0174,
      0.0312
    ],
    [
      "KillshotOffEff",
      -0.1131,
      0.0282
    ]
  ],
  "hfa_weight": 0.0
}