{
  "n_games": 879,
  "n_features": 29,
  "accuracy_train": 0.6815,
  "accuracy_note": "Training accuracy. Backtest with leakage ~73%. Honest forward estimate: 65-70%.",
  "brier": 0.2063,
  "converged": true,
  "weights": [
    -0.12458373806538309,
    -0.1245837380653647,
    -0.11925756609244806,
    0.11540248762735024,
    -0.1047836115997275,
    -0.016517137947516282,
    -0.04230211177348138,
    -0.2067011753402031,
    0.09512442762210066,
    -0.03595670246482538,
    0.06902723521970568,
    -0.016775060983388414,
    -0.1818152382987904,
    -0.18415982818811386,
    0.25640465927432393,
    0.32195324800765296,
    0.026035682624823957,
    0.2721699059323288,
    1.0298331420749696,
    -0.14403301982849281,
    0.1927515772055472,
    -0.028653293713109297,
    -0.2136082880882292,
    -0.11144692077634838,
    0.04217032033731829,
    0.12281948898837616,
    0.0,
    0.05122071558338982,
    0.1039995479871068
  ],
  "X_mean": [
    -0.0011401418228924234,
    -1.4546829266553454,
    -0.0017146123790603874,
    -0.0009908987485779358,
    -0.0009078498293515332,
    -0.0012263936291239965,
    -0.0004196902510647213,
    0.00013287667809818614,
    0.007059667995526227,
    0.022104664391353807,
    0.00029579067121729213,
    0.09476678043230946,
    0.009431171786120563,
    0.0021733549143717877,
    0.030368408448813874,
    -0.03689597248864133,
    0.019792629928890762,
    -0.017103342559750597,
    4.870807736063711,
    0.1129465301478956,
    -0.0027736063708759854,
    3.3083048919226394,
    0.09585085324232134,
    -0.0013765642775881689,
    0.0004664391353811142,
    0.0014220705346985499,
    1.0,
    0.23890784982935154,
    0.18543799772468714
  ],
  "X_std": [
    0.043525917045158485,
    55.533800375800475,
    0.056751703996246516,
    0.15691090030297677,
    0.03925589940427909,
    0.09893190650525385,
    0.02643857594089852,
    0.03280215157469249,
    0.6599047428255382,
    1.5087823320691875,
    0.2623242639322237,
    1.7940350942616852,
    0.7990306382414692,
    0.07462096738360542,
    1.6489402899962349,
    1.4178792522148944,
    0.8930904749530677,
    1.7626601627795566,
    136.55201266487725,
    1.8820342359194293,
    0.160173789105289,
    69.62605668484726,
    5.735995430627397,
    0.2492880291009619,
    0.16452126142447088,
    1.2318072788608787,
    1.0,
    0.42641633308219434,
    0.3886524755157828
  ],
  "feature_importance": [
    [
      "ELO",
      1.0298,
      140.6258
    ],
    [
      "wRC_plus",
      -0.1246,
      6.9186
    ],
    [
      "SOS",
      -0.0287,
      1.995
    ],
    [
      "expected_wins",
      -0.2136,
      1.2253
    ],
    [
      "fWAR",
      0.2722,
      0.4797
    ],
    [
      "oWAR_z",
      0.322,
      0.4565
    ],
    [
      "RA9",
      0.2564,
      0.4228
    ],
    [
      "Pwr",
      -0.144,
      0.2711
    ],
    [
      "KSHOT_Ratio",
      0.1228,
      0.1513
    ],
    [
      "K_BB",
      -0.1818,
      0.1453
    ],
    [
      "FIP",
      0.0951,
      0.0628
    ],
    [
      "ERA",
      -0.036,
      0.0543
    ],
    [
      "PYTHAG",
      0.1928,
      0.0309
    ],
    [
      "KP9",
      -0.0168,
      0.0301
    ],
    [
      "KillshotOffEff",
      -0.1114,
      0.0278
    ]
  ],
  "hfa_weight": 0.104
}