{
  "weights": [
    -0.17363782680920725,
    -0.09499078373026845,
    0.1860042975494331,
    -0.054692163798739674,
    -0.3039844047605602,
    -0.004345053873724667,
    -0.015140111791958158,
    -0.049104743573678875,
    0.06387407457945371,
    -0.13200659859664127,
    -0.1372590462042102,
    0.0515069257850073,
    0.1176189871520181,
    -0.5488036531089009,
    -0.03716476567679564,
    -0.15634868293189794,
    0.05982253578374506,
    -0.07937119070504364,
    0.4989478806138528,
    0.18684373375278138,
    -0.18054961096046518,
    -0.017180674738786456,
    0.28523914551302465,
    -0.1036140675379981,
    -0.3559419152019879,
    -0.06373782732627674,
    0.0,
    -0.26284274295190696,
    -0.22996140118220762
  ],
  "n_updates": 465,
  "lr": 0.01,
  "l2_reg": 0.1,
  "momentum": 0.9,
  "recent_brier": 0.6072676523764189
}